experiment,best_val_f1
baseline,0.8947980991962571
loss,0.8903669321711072
augment,0.8621336383750489
b0,0.9015423198703548
onecycle,0.907289124979912
